,Date,user_type,avg_temp,avg_rain,ave_distance,weather_main
0,2017-01-01,Casual,274.44074074074075,0.08888888888888889,1.6461756558207605,Clear
1,2017-01-01,Member,274.44074074074075,0.08888888888888889,1.5275308212198446,Clear
2,2017-01-02,Casual,273.1570833333332,0.0,1.8988542926560465,Clouds
3,2017-01-02,Member,273.1570833333332,0.0,1.6744824293016185,Clouds
4,2017-01-03,Casual,276.6217307692308,0.30576923076923096,1.9540561734017052,Mist
5,2017-01-03,Member,276.6217307692308,0.30576923076923096,1.6265252656180316,Mist
6,2017-01-04,Casual,274.65421052631575,0.2052631578947368,1.896159639139803,Rain
7,2017-01-04,Member,274.65421052631575,0.2052631578947368,1.5994402036015485,Rain
8,2017-01-05,Casual,265.95166666666665,0.0,1.7536993676617212,Snow
9,2017-01-05,Member,265.95166666666665,0.0,1.7838564885080168,Snow
10,2017-01-06,Casual,263.22083138333335,0.0,1.8800591129713053,Clear
11,2017-01-06,Member,263.22083138333335,0.0,1.8043268024743477,Clear
12,2017-01-07,Member,262.15083398333337,0.075,1.8463281007113816,Clear
13,2017-01-08,Member,262.81875,0.075,1.8463281007113816,Snow
14,2017-01-09,Member,265.65479875200003,0.108,1.8463281007113816,Snow
15,2017-01-10,Member,272.27838709677417,0.164516129032258,1.8463281007113816,Snow
16,2017-01-11,Member,277.26625,0.14999999999999994,1.8463281007113816,Clear
17,2017-01-12,Member,277.7218918918919,0.5270270270270271,1.8463281007113816,Mist
18,2017-01-13,Casual,270.78538461538466,0.2076923076923077,1.7712630884508929,Clouds
19,2017-01-13,Member,270.78538461538466,0.2076923076923077,1.6066100203630493,Clouds
20,2017-01-14,Casual,266.06583333333333,0.0,2.05819133336521,Clouds
21,2017-01-14,Member,266.06583333333333,0.0,1.4682977216662252,Clouds
22,2017-01-15,Casual,269.40125,0.0,1.609181950449614,Clouds
23,2017-01-15,Member,269.40125,0.0,1.6076723902455228,Clouds
24,2017-01-16,Casual,270.89166666666665,0.0,2.317727636081866,Clear
25,2017-01-16,Member,270.89166666666665,0.0,1.6784468056194908,Clear
26,2017-01-17,Casual,273.69930232558147,0.30000000000000016,1.9825031903649066,Mist
27,2017-01-17,Member,273.69930232558147,0.30000000000000016,1.6206576286522156,Mist
28,2017-01-18,Casual,274.8370454545455,0.15681818181818175,2.0761428955489327,Mist
29,2017-01-18,Member,274.8370454545455,0.15681818181818175,1.6658549934546854,Mist
30,2017-01-19,Casual,275.6961290322581,0.0,1.928469164290675,Mist
31,2017-01-19,Member,275.6961290322581,0.0,1.6697699127654877,Mist
32,2017-01-20,Casual,275.67499999999984,0.10588235294117644,1.5304916238300652,Mist
33,2017-01-20,Member,275.67499999999984,0.10588235294117644,1.6514824702482773,Mist
34,2017-01-21,Casual,276.5644444444444,0.0,1.8889363154559675,Mist
35,2017-01-21,Member,276.5644444444444,0.0,1.5835669781396502,Mist
36,2017-01-22,Casual,277.1134090909091,0.07499999999999997,1.9354880807641197,Mist
37,2017-01-22,Member,277.1134090909091,0.07499999999999997,1.639250348701593,Mist
38,2017-01-23,Casual,275.9286666666667,0.02,2.2433566692576887,Clouds
39,2017-01-23,Member,275.9286666666667,0.02,1.6828435139632003,Clouds
40,2017-01-24,Casual,273.746625,0.0,1.8720438228573506,Clouds
41,2017-01-24,Member,273.746625,0.0,1.699219935746108,Clouds
42,2017-01-25,Casual,272.9239999999999,0.025,1.3636129686005447,Clouds
43,2017-01-25,Member,272.9239999999999,0.025,1.6964533484985211,Clouds
44,2017-01-26,Casual,275.95225000000005,0.2700000000000001,1.835514244428661,Mist
45,2017-01-26,Member,275.95225000000005,0.2700000000000001,1.6411148690683202,Mist
46,2017-01-27,Casual,274.1203571428572,0.11785714285714285,1.6526284810639873,Clouds
47,2017-01-27,Member,274.1203571428572,0.11785714285714285,1.6581413041562079,Clouds
48,2017-01-28,Casual,272.18541666666664,0.0,2.1895074221120088,Snow
49,2017-01-28,Member,272.18541666666664,0.0,1.6389753373930953,Snow
50,2017-01-29,Casual,270.5366666666667,0.0,2.058173109640029,Snow
51,2017-01-29,Member,270.5366666666667,0.0,1.5384761720149875,Snow
52,2017-01-30,Casual,265.5904166666666,0.075,2.477807511827996,Snow
53,2017-01-30,Member,265.5904166666666,0.075,1.5762357672719194,Snow
54,2017-01-31,Casual,267.83291666666673,0.0,2.337634817497156,Snow
55,2017-01-31,Member,267.83291666666673,0.0,1.6368472253552564,Snow
56,2017-02-01,Casual,271.165172413793,0.05172413793103448,1.9121531976800898,Snow
57,2017-02-01,Member,271.165172413793,0.05172413793103448,1.5789676218793391,Snow
58,2017-02-02,Casual,269.9607407407408,0.13333333333333333,1.9893502886332812,Snow
59,2017-02-02,Member,269.9607407407408,0.13333333333333333,1.6083165767091787,Snow
60,2017-02-03,Casual,266.69692307692304,0.17307692307692307,2.09574019889888,Snow
61,2017-02-03,Member,266.69692307692304,0.17307692307692307,1.630578561968177,Snow
62,2017-02-04,Casual,267.0424,0.07200000000000001,1.8185268240668955,Snow
63,2017-02-04,Member,267.0424,0.07200000000000001,1.6865256834989522,Snow
64,2017-02-05,Casual,271.5023461538462,0.04615384615384615,1.7048096657039398,Snow
65,2017-02-05,Member,271.5023461538462,0.04615384615384615,1.7767755926236435,Snow
66,2017-02-06,Casual,270.6068,0.024,1.9547601040489935,Snow
67,2017-02-06,Member,270.6068,0.024,1.7802207961694723,Snow
68,2017-02-07,Member,272.69944444444445,0.18333333333333326,1.8463281007113816,Clouds
69,2017-02-08,Member,273.3290624999999,0.14062499999999994,1.8463281007113816,Snow
70,2017-02-09,Member,265.00758333333334,0.0,1.8463281007113816,Clouds
71,2017-02-10,Member,266.6983333333333,0.0,1.8463281007113816,Snow
72,2017-02-11,Member,272.61541666666665,0.0,1.8463281007113816,Clouds
73,2017-02-12,Member,271.2875,0.028125,1.8463281007113816,Snow
74,2017-02-13,Casual,271.6514333366667,0.2,2.380935466028908,Snow
75,2017-02-13,Member,271.6514333366667,0.2,1.6260102985313611,Snow
76,2017-02-14,Casual,270.0643020875,0.0125,1.7680380058869227,Clear
77,2017-02-14,Member,270.0643020875,0.0125,1.6947289212112289,Clear
78,2017-02-15,Casual,273.55670833333335,0.1,1.400136634105462,Clouds
79,2017-02-15,Member,273.55670833333335,0.1,1.6614485342140985,Clouds
80,2017-02-16,Casual,267.69945833333327,0.0,1.5381008801080553,Clouds
81,2017-02-16,Member,267.69945833333327,0.0,1.5603824334412209,Clouds
82,2017-02-17,Casual,265.5185833333334,0.0,2.3246974205108977,Clear
83,2017-02-17,Member,265.5185833333334,0.0,1.6250463782718962,Clear
84,2017-02-18,Casual,275.86825000000005,0.0,1.9767899031222746,Clear
85,2017-02-18,Member,275.86825000000005,0.0,1.7072983750030708,Clear
86,2017-02-19,Casual,276.98475,0.0,1.942865217166827,Clear
87,2017-02-19,Member,276.98475,0.0,1.6723264040384112,Clear
88,2017-02-20,Casual,273.34441666666663,0.0,1.7010500070476762,Clear
89,2017-02-20,Member,273.34441666666663,0.0,1.71109692895005,Clear
90,2017-02-21,Casual,275.01800841538454,0.06923076923076922,1.6990520239468208,Clouds
91,2017-02-21,Member,275.01800841538454,0.06923076923076922,1.6807883648885542,Clouds
92,2017-02-22,Casual,277.8626315789473,0.08684210526315787,2.1041117677944885,Mist
93,2017-02-22,Member,277.8626315789473,0.08684210526315787,1.6930103950712947,Mist
94,2017-02-23,Casual,283.3019230769231,0.023076923076923075,2.0516119029729074,Mist
95,2017-02-23,Member,283.3019230769231,0.023076923076923075,1.7979664559662372,Mist
96,2017-02-24,Casual,277.97827586206904,0.14482758620689656,1.4116883183917412,Mist
97,2017-02-24,Member,277.97827586206904,0.14482758620689656,1.627746076270182,Mist
98,2017-02-25,Casual,277.76599999999996,0.3120000000000002,1.8495153108120865,Mist
99,2017-02-25,Member,277.76599999999996,0.3120000000000002,1.5640873261264578,Mist
100,2017-02-26,Casual,272.25083333333333,0.0375,2.0524887187426715,Snow
101,2017-02-26,Member,272.25083333333333,0.0375,1.5144537285349338,Snow
102,2017-02-27,Casual,277.29833333333335,0.0,1.9108051957098047,Clouds
103,2017-02-27,Member,277.29833333333335,0.0,1.6911375775277764,Clouds
104,2017-02-28,Casual,277.05625000000003,0.0125,1.9814003232615447,Clouds
105,2017-02-28,Member,277.05625000000003,0.0125,1.6923779238629955,Clouds
106,2017-03-01,Casual,282.62069767441847,0.4186046511627911,1.3884546462827208,Rain
107,2017-03-01,Member,282.62069767441847,0.4186046511627911,1.699514983874635,Rain
108,2017-03-02,Casual,271.2384,0.09599999999999996,1.9236924944478087,Snow
109,2017-03-02,Member,271.2384,0.09599999999999996,1.5461528284223922,Snow
110,2017-03-03,Casual,266.99692307692317,0.17307692307692307,1.4024753195358448,Clouds
111,2017-03-03,Member,266.99692307692317,0.17307692307692307,1.595333778009978,Clouds
112,2017-03-04,Casual,263.87166666666667,0.0,1.8400856825816823,Clear
113,2017-03-04,Member,263.87166666666667,0.0,1.7080943014735708,Clear
114,2017-03-05,Casual,264.6012461,0.0,1.8527875811964785,Clear
115,2017-03-05,Member,264.6012461,0.0,1.820723461987291,Clear
116,2017-03-06,Casual,273.7383333333334,0.05,2.091506045184532,Clouds
117,2017-03-06,Member,273.7383333333334,0.05,1.8223366569440822,Clouds
118,2017-03-07,Member,280.17603773584904,0.26037735849056626,1.8463281007113816,Rain
119,2017-03-08,Member,279.97296296296304,0.08888888888888889,1.8463281007113816,Clouds
120,2017-03-09,Member,274.54833333333335,0.075,1.8463281007113816,Clouds
121,2017-03-10,Member,269.1537931034483,0.3413793103448277,1.8463281007113816,Clouds
122,2017-03-11,Member,263.27642857142854,0.2571428571428572,1.8463281007113816,Snow
123,2017-03-12,Member,263.33079937599996,0.07200000000000001,1.8463281007113816,Snow
124,2017-03-13,Casual,264.3433313833333,0.0,2.6919975882555134,Snow
125,2017-03-13,Member,264.3433313833333,0.0,1.5302416491495217,Snow
126,2017-03-14,Casual,264.2108333333333,0.0,1.8271953329723254,Snow
127,2017-03-14,Member,264.2108333333333,0.0,1.4422457431950662,Snow
128,2017-03-15,Casual,265.60708333333343,0.0,1.5901460433751242,Snow
129,2017-03-15,Member,265.60708333333343,0.0,1.5384638073166703,Snow
130,2017-03-16,Casual,269.71208333333334,0.0,1.4585383644553567,Clear
131,2017-03-16,Member,269.71208333333334,0.0,1.6529513220785146,Clear
132,2017-03-17,Casual,272.6454166666667,0.0,1.598627472199034,Clear
133,2017-03-17,Member,272.6454166666667,0.0,1.6171433116474119,Clear
134,2017-03-18,Casual,273.75138888888887,0.16666666666666666,1.551418216360684,Snow
135,2017-03-18,Member,273.75138888888887,0.16666666666666666,1.6514683296642019,Snow
136,2017-03-19,Casual,274.6627586206897,0.10344827586206896,1.8290675414673534,Clouds
137,2017-03-19,Member,274.6627586206897,0.10344827586206896,1.5686092712951003,Clouds
138,2017-03-20,Casual,274.79833333333323,0.0,1.879245812608195,Clouds
139,2017-03-20,Member,274.79833333333323,0.0,1.6481365626919373,Clouds
140,2017-03-21,Casual,278.4975,0.09642857142857142,1.7381097269559405,Mist
141,2017-03-21,Member,278.4975,0.09642857142857142,1.6930946351114928,Mist
142,2017-03-22,Casual,269.2691666666667,0.0125,1.8648672509258424,Clear
143,2017-03-22,Member,269.2691666666667,0.0125,1.5756488316636845,Clear
144,2017-03-23,Casual,269.06375,0.0,1.7766762573941575,Clear
145,2017-03-23,Member,269.06375,0.0,1.6726977765632025,Clear
146,2017-03-24,Casual,276.433,0.21999999999999995,1.7054594735074287,Clouds
147,2017-03-24,Member,276.433,0.21999999999999995,1.653083464630289,Clouds
148,2017-03-25,Casual,276.5166666666666,0.2454545454545454,1.940232152386576,Rain
149,2017-03-25,Member,276.5166666666666,0.2454545454545454,1.5590736368674265,Rain
150,2017-03-26,Casual,276.0075,0.075,1.6778613032426886,Clouds
151,2017-03-26,Member,276.0075,0.075,1.4840775920178066,Clouds
152,2017-03-27,Casual,280.68944444444446,0.2333333333333333,1.8848752257416803,Mist
153,2017-03-27,Member,280.68944444444446,0.2333333333333333,1.7382074363813804,Mist
154,2017-03-28,Casual,281.43429629629634,0.06666666666666668,1.948637751982352,Clouds
155,2017-03-28,Member,281.43429629629634,0.06666666666666668,1.698487995512854,Clouds
156,2017-03-29,Casual,277.76666666666665,0.0,1.9335042533792164,Clouds
157,2017-03-29,Member,277.76666666666665,0.0,1.7333824922998218,Clouds
158,2017-03-30,Casual,275.9114285714286,0.08571428571428573,2.0554177845908184,Clouds
159,2017-03-30,Member,275.9114285714286,0.08571428571428573,1.7270568298954718,Clouds
160,2017-03-31,Casual,275.56999999999994,0.3000000000000003,1.5416454783139342,Rain
161,2017-03-31,Member,275.56999999999994,0.3000000000000003,1.4766932676735927,Rain
162,2017-04-01,Casual,276.5427777777778,0.14166666666666666,1.4148467756314194,Clouds
163,2017-04-01,Member,276.5427777777778,0.14166666666666666,1.6796197560377548,Clouds
164,2017-04-02,Casual,280.2416666666667,0.0,1.7262068211038961,Clouds
165,2017-04-02,Member,280.2416666666667,0.0,1.5805540172676775,Clouds
166,2017-04-03,Casual,281.44625,0.08750000000000001,1.720735590089543,Clouds
167,2017-04-03,Member,281.44625,0.08750000000000001,1.4893959090572182,Clouds
168,2017-04-04,Casual,281.5184444444445,0.3600000000000002,2.0257935444768194,Rain
169,2017-04-04,Member,281.5184444444445,0.3600000000000002,1.550878346634841,Rain
170,2017-04-05,Casual,279.1641666666667,0.0,1.8878304989787134,Clouds
171,2017-04-05,Member,279.1641666666667,0.0,1.789096731637026,Clouds
172,2017-04-06,Casual,279.12928571428574,0.4542857142857145,1.9685227202293347,Rain
173,2017-04-06,Member,279.12928571428574,0.4542857142857145,1.6772397936390138,Rain
174,2017-04-07,Member,274.74578947368417,0.18157894736842095,1.8463281007113816,Snow
175,2017-04-08,Member,277.68125,0.0,1.8463281007113816,Clear
176,2017-04-09,Member,281.51583333333326,0.0,1.8463281007113816,Clear
177,2017-04-10,Member,286.55800000000005,0.024,1.8463281007113816,Clear
178,2017-04-11,Member,287.73407407407404,0.2222222222222222,1.8463281007113816,Rain
179,2017-04-12,Member,281.36791666666664,0.0125,1.8463281007113816,Clouds
180,2017-04-13,Casual,279.3967916708333,0.0,1.9136876739263062,Clear
181,2017-04-13,Member,279.3967916708333,0.0,1.707845192993116,Clear
182,2017-04-14,Casual,281.5941666666667,0.0,2.077749315440608,Clouds
183,2017-04-14,Member,281.5941666666667,0.0,1.688538804104745,Clouds
184,2017-04-15,Casual,281.28846153846155,0.13846153846153847,1.8230340268341738,Clear
185,2017-04-15,Member,281.28846153846155,0.13846153846153847,1.5684872946155723,Clear
186,2017-04-16,Casual,289.48708333333326,0.075,1.9020081806977163,Clouds
187,2017-04-16,Member,289.48708333333326,0.075,1.6264599282523557,Clouds
188,2017-04-17,Casual,283.48391666666663,0.125,2.013508234009078,Clear
189,2017-04-17,Member,283.48391666666663,0.125,1.7538126318358196,Clear
190,2017-04-18,Casual,277.500875,0.0,1.9140017675940908,Clear
191,2017-04-18,Member,277.500875,0.0,1.7248346737628624,Clear
192,2017-04-19,Casual,282.9155555555556,0.2222222222222222,1.9069355064768587,Rain
193,2017-04-19,Member,282.9155555555556,0.2222222222222222,1.7266278152334478,Rain
194,2017-04-20,Casual,280.71882352941185,0.26470588235294124,2.073364369422443,Rain
195,2017-04-20,Member,280.71882352941185,0.26470588235294124,1.7115560395749396,Rain
196,2017-04-21,Casual,281.15264705882345,0.14999999999999994,2.363643398093677,Mist
197,2017-04-21,Member,281.15264705882345,0.14999999999999994,1.7669169165163663,Mist
198,2017-04-22,Casual,280.8229166666667,0.0375,2.098435662082944,Clouds
199,2017-04-22,Member,280.8229166666667,0.0375,1.7476325049730654,Clouds
200,2017-04-23,Casual,282.95416666666665,0.0,2.020275721063669,Clear
201,2017-04-23,Member,282.95416666666665,0.0,1.7372691833885001,Clear
202,2017-04-24,Casual,282.7341666666667,0.0,2.1205220548450505,Clear
203,2017-04-24,Member,282.7341666666667,0.0,1.794279862827029,Clear
204,2017-04-25,Casual,281.23899999999986,0.14,2.003368015647465,Clear
205,2017-04-25,Member,281.23899999999986,0.14,1.714335892098663,Clear
206,2017-04-26,Casual,284.48541666666665,0.0,2.1453793647503616,Clouds
207,2017-04-26,Member,284.48541666666665,0.0,1.7776289622966888,Clouds
208,2017-04-27,Casual,288.9550000000001,0.06923076923076922,1.9552015615070775,Clear
209,2017-04-27,Member,288.9550000000001,0.06923076923076922,1.7570385187038473,Clear
210,2017-04-28,Casual,287.14586206896547,0.08275862068965517,2.025866435023665,Clouds
211,2017-04-28,Member,287.14586206896547,0.08275862068965517,1.7542357855567476,Clouds
212,2017-04-29,Casual,284.31791666666663,0.0,2.0852854173422193,Clouds
213,2017-04-29,Member,284.31791666666663,0.0,1.7294300169547734,Clouds
214,2017-04-30,Casual,279.60119999999995,0.10799999999999997,1.903895680301935,Clouds
215,2017-04-30,Member,279.60119999999995,0.10799999999999997,1.6126449936631098,Clouds
216,2017-05-01,Casual,281.43250000000006,0.5250000000000002,2.636953699513995,Rain
217,2017-05-01,Member,281.43250000000006,0.5250000000000002,1.6297938683105182,Rain
218,2017-05-02,Casual,283.3588000000001,0.15599999999999994,1.5069616148703986,Rain
219,2017-05-02,Member,283.3588000000001,0.15599999999999994,1.578561369383196,Rain
220,2017-05-03,Casual,281.6145833333333,0.025,1.5064984010624651,Clouds
221,2017-05-03,Member,281.6145833333333,0.025,1.4809553495349874,Clouds
222,2017-05-04,Casual,280.84103448275846,0.206896551724138,1.6911734102093878,Clouds
223,2017-05-04,Member,280.84103448275846,0.206896551724138,1.72677229192795,Clouds
224,2017-05-05,Casual,280.82,0.3000000000000003,1.4499852610548434,Rain
225,2017-05-05,Member,280.82,0.3000000000000003,1.6503453893998425,Rain
226,2017-05-06,Casual,280.1225490196079,0.20000000000000007,2.01555055620894,Mist
227,2017-05-06,Member,280.1225490196079,0.20000000000000007,1.7996240601142237,Mist
228,2017-05-07,Member,279.1471875,0.22499999999999995,1.8463281007113816,Rain
229,2017-05-08,Member,279.9887499999999,0.0,1.8463281007113816,Clouds
230,2017-05-09,Member,280.1525000000001,0.0,1.8463281007113816,Clouds
231,2017-05-10,Member,280.2091666666666,0.0,1.8463281007113816,Clear
232,2017-05-11,Member,282.30833333333334,0.0375,1.8463281007113816,Clouds
233,2017-05-12,Member,283.5133333333333,0.0125,1.8463281007113816,Clouds
234,2017-05-13,Casual,285.0204,0.168,2.0083614804524172,Clouds
235,2017-05-13,Member,285.0204,0.168,1.7357274392224682,Clouds
236,2017-05-14,Casual,283.62258064516124,0.14516129032258066,1.8774358737783807,Mist
237,2017-05-14,Member,283.62258064516124,0.14516129032258066,1.6836930948616298,Mist
238,2017-05-15,Casual,285.66333333333324,0.0,1.8453592595668011,Clear
239,2017-05-15,Member,285.66333333333324,0.0,1.773688780467151,Clear
240,2017-05-16,Casual,286.0933333333333,0.08750000000000001,1.7795453379906354,Clear
241,2017-05-16,Member,286.0933333333333,0.08750000000000001,1.7780204232555248,Clear
242,2017-05-17,Casual,290.72791666666666,0.0,1.9267861588612891,Clear
243,2017-05-17,Member,290.72791666666666,0.0,1.8146453094555908,Clear
244,2017-05-18,Casual,296.1242307692308,0.10384615384615384,2.0170453390687393,Clouds
245,2017-05-18,Member,296.1242307692308,0.10384615384615384,1.7823771042417145,Clouds
246,2017-05-19,Casual,287.9312500000001,0.0375,2.009127230460773,Clouds
247,2017-05-19,Member,287.9312500000001,0.0375,1.794556312183624,Clouds
248,2017-05-20,Casual,284.51458333333335,0.0,1.9762738223144989,Clear
249,2017-05-20,Member,284.51458333333335,0.0,1.6780493592092147,Clear
250,2017-05-21,Casual,285.46375,0.27187500000000003,2.0028996237026577,Rain
251,2017-05-21,Member,285.46375,0.27187500000000003,1.5377083365511988,Rain
252,2017-05-22,Casual,286.04371428571426,0.09428571428571426,1.8650431184961103,Mist
253,2017-05-22,Member,286.04371428571426,0.09428571428571426,1.7404688362402885,Mist
254,2017-05-23,Casual,287.1975000000001,0.075,2.100482073861745,Clouds
255,2017-05-23,Member,287.1975000000001,0.075,1.813407105435211,Clouds
256,2017-05-24,Casual,290.00333333333333,0.0,1.9761529255930679,Clouds
257,2017-05-24,Member,290.00333333333333,0.0,1.7824667714881932,Clouds
258,2017-05-25,Casual,286.3868888888888,0.5666666666666668,2.203662823845359,Rain
259,2017-05-25,Member,286.3868888888888,0.5666666666666668,1.6382601646166866,Rain
260,2017-05-26,Casual,286.568,0.2266666666666667,1.883454863272337,Mist
261,2017-05-26,Member,286.568,0.2266666666666667,1.7394406609336763,Mist
262,2017-05-27,Casual,288.5134615384616,0.06923076923076922,1.9746496018952382,Clouds
263,2017-05-27,Member,288.5134615384616,0.06923076923076922,1.7011705946518605,Clouds
264,2017-05-28,Casual,288.73625,0.0,1.9388915713542363,Clouds
265,2017-05-28,Member,288.73625,0.0,1.7798251359974415,Clouds
266,2017-05-29,Casual,291.02741935483874,0.17419354838709675,2.095042457480193,Clouds
267,2017-05-29,Member,291.02741935483874,0.17419354838709675,1.7561985493353032,Clouds
268,2017-05-30,Casual,290.15851851851846,0.2777777777777778,2.0672156255270524,Thunderstorm
269,2017-05-30,Member,290.15851851851846,0.2777777777777778,1.7816643377156387,Thunderstorm
270,2017-05-31,Casual,289.53785714285715,0.3,1.980661261593386,Rain
271,2017-05-31,Member,289.53785714285715,0.3,1.797749753355485,Rain
272,2017-06-01,Casual,288.01833333333326,0.0125,2.4406828834232575,Clouds
273,2017-06-01,Member,288.01833333333326,0.0125,1.5386022712393816,Clouds
274,2017-06-02,Casual,286.9425,0.0125,1.369474352700123,Clouds
275,2017-06-02,Member,286.9425,0.0125,1.6541746960904187,Clouds
276,2017-06-03,Casual,288.7062499999999,0.0125,1.6428069805828105,Clear
277,2017-06-03,Member,288.7062499999999,0.0125,1.6283019143268374,Clear
278,2017-06-04,Casual,287.58586206896547,0.2172413793103448,1.4856079667777493,Rain
279,2017-06-04,Member,287.58586206896547,0.2172413793103448,1.6411363443205649,Rain
280,2017-06-05,Casual,287.04592592592587,0.0,2.1272424558779504,Mist
281,2017-06-05,Member,287.04592592592587,0.0,1.6776622425115773,Mist
282,2017-06-06,Casual,287.48222222222216,0.3,1.9155692785320664,Rain
283,2017-06-06,Member,287.48222222222216,0.3,1.741391339115645,Rain
284,2017-06-07,Member,286.71692307692314,0.0576923076923077,1.8463281007113816,Clear
285,2017-06-08,Member,290.30499999999995,0.0,1.8463281007113816,Clear
286,2017-06-09,Member,291.75625,0.05,1.8463281007113816,Clear
287,2017-06-10,Member,293.4875,0.0375,1.8463281007113816,Clear
288,2017-06-11,Member,297.17083333333335,0.0,1.8463281007113816,Clear
289,2017-06-12,Member,297.4583333333333,0.0,1.8463281007113816,Clear
290,2017-06-13,Casual,295.82359999999994,0.084,1.8231372235531058,Clouds
291,2017-06-13,Member,295.82359999999994,0.084,1.8079085764204175,Clouds
292,2017-06-14,Casual,292.155,0.0,2.0274983495928987,Clear
293,2017-06-14,Member,292.155,0.0,1.823938493279634,Clear
294,2017-06-15,Casual,290.55083333333334,0.0625,1.994700082140737,Clouds
295,2017-06-15,Member,290.55083333333334,0.0625,1.7700081087472543,Clouds
296,2017-06-16,Casual,293.658,0.132,1.9030188810098103,Clear
297,2017-06-16,Member,293.658,0.132,1.7829909685307315,Clear
298,2017-06-17,Casual,295.54038461538465,0.1269230769230769,1.8820650774455883,Mist
299,2017-06-17,Member,295.54038461538465,0.1269230769230769,1.7910017807221863,Mist
300,2017-06-18,Casual,296.56250000000006,0.075,1.9691334214971261,Clouds
301,2017-06-18,Member,296.56250000000006,0.075,1.7654050354806194,Clouds
302,2017-06-19,Casual,294.36375,0.0625,1.954581756534599,Clouds
303,2017-06-19,Member,294.36375,0.0625,1.8220985986141773,Clouds
304,2017-06-20,Casual,292.2803333333333,0.2799999999999999,1.9163837533298829,Rain
305,2017-06-20,Member,292.2803333333333,0.2799999999999999,1.8241858186734146,Rain
306,2017-06-21,Casual,289.81672000000003,0.084,1.9666705294061007,Clouds
307,2017-06-21,Member,289.81672000000003,0.084,1.8133236703658375,Clouds
308,2017-06-22,Casual,290.96958333333333,0.05,1.9113584360444007,Clear
309,2017-06-22,Member,290.96958333333333,0.05,1.8385218120110607,Clear
310,2017-06-23,Casual,293.33452380952383,0.23571428571428574,1.9938531566418225,Rain
311,2017-06-23,Member,293.33452380952383,0.23571428571428574,1.7139458178291698,Rain
312,2017-06-24,Casual,294.18749999999994,0.0,2.0606845691566233,Clouds
313,2017-06-24,Member,294.18749999999994,0.0,1.775447163600399,Clouds
314,2017-06-25,Casual,290.65793103448283,0.19655172413793104,2.0180099443171136,Clouds
315,2017-06-25,Member,290.65793103448283,0.19655172413793104,1.7440741908555941,Clouds
316,2017-06-26,Casual,289.1026666666665,0.25,1.8797421539823935,Rain
317,2017-06-26,Member,289.1026666666665,0.25,1.8111996501143848,Rain
318,2017-06-27,Casual,287.3989285714285,0.34285714285714297,1.8700782178533355,Clouds
319,2017-06-27,Member,287.3989285714285,0.34285714285714297,1.8056216917323378,Clouds
320,2017-06-28,Casual,290.14958333333334,0.0,1.9230709904707355,Clear
321,2017-06-28,Member,290.14958333333334,0.0,1.8180172625901305,Clear
322,2017-06-29,Casual,291.41392857142864,0.21428571428571425,2.0190849274029588,Rain
323,2017-06-29,Member,291.41392857142864,0.21428571428571425,1.732973958963869,Rain
324,2017-06-30,Casual,294.12225806451613,0.19354838709677416,1.9073360003120268,Mist
325,2017-06-30,Member,294.12225806451613,0.19354838709677416,1.7129544553792975,Mist
326,2017-07-01,Casual,294.44357142857143,0.20357142857142851,2.0033940042737464,Rain
327,2017-07-01,Member,294.44357142857143,0.20357142857142851,1.6895632577680513,Rain
328,2017-07-02,Casual,293.27242375599997,0.036000000000000004,1.9046654255903355,Clear
329,2017-07-02,Member,293.27242375599997,0.036000000000000004,1.7469894007227877,Clear
330,2017-07-03,Casual,292.835,0.0,2.0253440030472034,Clear
331,2017-07-03,Member,292.835,0.0,1.749749187411408,Clear
332,2017-07-04,Casual,293.4016666666667,0.0,1.8987044425456645,Clear
333,2017-07-04,Member,293.4016666666667,0.0,1.7631961246529844,Clear
334,2017-07-05,Casual,293.86333333333334,0.0,1.922979186872442,Clear
335,2017-07-05,Member,293.86333333333334,0.0,1.7853313925936045,Clear
336,2017-07-06,Casual,295.25291666666664,0.0,1.9011097136539452,Clear
337,2017-07-06,Member,295.25291666666664,0.0,1.8503701832340596,Clear
338,2017-07-07,Casual,296.4924,0.084,1.998973174614145,Clouds
339,2017-07-07,Member,296.4924,0.084,1.8197895808625424,Clouds
340,2017-07-08,Casual,294.1433333333333,0.03333333333333333,2.0701653014089065,Clouds
341,2017-07-08,Member,294.1433333333333,0.03333333333333333,1.8477568653770167,Clouds
342,2017-07-09,Casual,292.9095833333334,0.0375,1.96614724329741,Clouds
343,2017-07-09,Member,292.9095833333334,0.0375,1.71345281609363,Clouds
344,2017-07-10,Casual,293.98342,0.3960000000000001,1.8591582142808736,Clouds
345,2017-07-10,Member,293.98342,0.3960000000000001,1.8114377416341807,Clouds
346,2017-07-11,Casual,293.48966666666666,0.0,1.980204760370554,Mist
347,2017-07-11,Member,293.48966666666666,0.0,1.8832479845582817,Mist
348,2017-07-12,Casual,295.96548387096783,0.2129032258064516,1.8775796663946158,Mist
349,2017-07-12,Member,295.96548387096783,0.2129032258064516,1.7728631428149193,Mist
350,2017-07-13,Casual,291.55125,0.15937499999999996,1.9228106432974836,Mist
351,2017-07-13,Member,291.55125,0.15937499999999996,1.7681632258457378,Mist
352,2017-07-14,Casual,292.3175862068965,0.2689655172413793,1.9352860589110459,Mist
353,2017-07-14,Member,292.3175862068965,0.2689655172413793,1.7804911332181732,Mist
354,2017-07-15,Casual,294.50999999999993,0.0,1.9925988450529617,Clouds
355,2017-07-15,Member,294.50999999999993,0.0,1.8514522728099994,Clouds
356,2017-07-16,Casual,294.7892857142857,0.14999999999999994,1.9383714405617356,Clouds
357,2017-07-16,Member,294.7892857142857,0.14999999999999994,1.800492636440897,Clouds
358,2017-07-17,Casual,294.30079999999987,0.024,1.9519549626477997,Clouds
359,2017-07-17,Member,294.30079999999987,0.024,1.7976325039427954,Clouds
360,2017-07-18,Casual,294.94199999999995,0.0,2.0000424065776734,Clear
361,2017-07-18,Member,294.94199999999995,0.0,1.8378000529399823,Clear
362,2017-07-19,Casual,296.66083333333336,0.0,1.8786951191956829,Clear
363,2017-07-19,Member,296.66083333333336,0.0,1.8268481537900163,Clear
364,2017-07-20,Casual,293.4031034482759,0.11379310344827585,1.8357579210714288,Clear
365,2017-07-20,Member,293.4031034482759,0.11379310344827585,1.8363368049114477,Clear
366,2017-07-21,Casual,296.0376,0.0,2.0198028794462117,Clear
367,2017-07-21,Member,296.0376,0.0,1.7856644857693278,Clear
368,2017-07-22,Casual,295.56541666666664,0.0625,1.9519703254432854,Clouds
369,2017-07-22,Member,295.56541666666664,0.0625,1.8006223664276746,Clouds
370,2017-07-23,Casual,295.05423076923074,0.0923076923076923,2.0063222312227302,Clouds
371,2017-07-23,Member,295.05423076923074,0.0923076923076923,1.7542354042919397,Clouds
372,2017-07-24,Casual,293.5200000000001,0.18,1.942124683551505,Clouds
373,2017-07-24,Member,293.5200000000001,0.18,1.8003508873375023,Clouds
374,2017-07-25,Casual,291.6596666666666,0.025,1.9233662834556475,Clouds
375,2017-07-25,Member,291.6596666666666,0.025,1.8256942918136012,Clouds
376,2017-07-26,Casual,291.78625000000005,0.0125,1.8717956735867276,Clear
377,2017-07-26,Member,291.78625000000005,0.0125,1.7899742917210784,Clear
378,2017-07-27,Casual,293.97841379310336,0.2793103448275861,1.8356405857250468,Rain
379,2017-07-27,Member,293.97841379310336,0.2793103448275861,1.765127201447931,Rain
380,2017-07-28,Casual,293.5087499999999,0.0,1.99491877942531,Clear
381,2017-07-28,Member,293.5087499999999,0.0,1.7456065810165597,Clear
382,2017-07-29,Casual,293.4791666666667,0.0,1.9159652474373794,Clear
383,2017-07-29,Member,293.4791666666667,0.0,1.7866144455452997,Clear
384,2017-07-30,Casual,297.0904166666666,0.0,1.9571558307205243,Clear
385,2017-07-30,Member,297.0904166666666,0.0,1.821236629403013,Clear
386,2017-07-31,Casual,296.4973076923077,0.0923076923076923,1.9269840342306372,Clear
387,2017-07-31,Member,296.4973076923077,0.0923076923076923,1.822578597244358,Clear
388,2017-08-01,Casual,296.0612000000001,0.048,1.937897108940682,Clear
389,2017-08-01,Member,296.0612000000001,0.048,1.7857456348540572,Clear
390,2017-08-02,Casual,296.20704166666667,0.0125,1.871834103678878,Clear
391,2017-08-02,Member,296.20704166666667,0.0125,1.7793440608930884,Clear
392,2017-08-03,Casual,295.5834615384616,0.08076923076923077,1.8606976972108002,Mist
393,2017-08-03,Member,295.5834615384616,0.08076923076923077,1.8022226492745765,Mist
394,2017-08-04,Casual,295.23653846153843,0.13846153846153844,1.835284131818632,Rain
395,2017-08-04,Member,295.23653846153843,0.13846153846153844,1.706997460181023,Rain
396,2017-08-05,Casual,291.5720833333333,0.05,1.9226356640847857,Clouds
397,2017-08-05,Member,291.5720833333333,0.05,1.76775851912776,Clouds
398,2017-08-06,Casual,290.87416666666667,0.0125,1.981934663510163,Clear
399,2017-08-06,Member,290.87416666666667,0.0125,1.8000797671275721,Clear
400,2017-08-07,Casual,291.37653846153853,0.2423076923076923,1.9739060402907493,Rain
401,2017-08-07,Member,291.37653846153853,0.2423076923076923,1.7315754015178846,Rain
402,2017-08-08,Casual,291.8242307692308,0.04615384615384615,1.8901055808138327,Clear
403,2017-08-08,Member,291.8242307692308,0.04615384615384615,1.8770404943153605,Clear
404,2017-08-09,Casual,294.374,0.108,2.0238556630201643,Clear
405,2017-08-09,Member,294.374,0.108,1.8424076971167977,Clear
406,2017-08-10,Casual,294.1333333333332,0.0,2.081055462471359,Clear
407,2017-08-10,Member,294.1333333333332,0.0,1.8812861543460586,Clear
408,2017-08-11,Casual,294.4249999999999,0.05,1.9926373342742694,Clouds
409,2017-08-11,Member,294.4249999999999,0.05,1.7995047528029955,Clouds
410,2017-08-12,Casual,293.1885714285714,0.0642857142857143,2.1573306772102563,Mist
411,2017-08-12,Member,293.1885714285714,0.0642857142857143,1.8396337426321172,Mist
412,2017-08-13,Casual,293.34375,0.0,2.28528564788152,Clear
413,2017-08-13,Member,293.34375,0.0,1.8659252839302056,Clear
414,2017-08-14,Casual,293.6820833333333,0.0,2.018151405189415,Clear
415,2017-08-14,Member,293.6820833333333,0.0,1.8548767737719838,Clear
416,2017-08-15,Casual,294.0300000000001,0.05,2.1534232046789477,Clouds
417,2017-08-15,Member,294.0300000000001,0.05,1.8583335937929637,Clouds
418,2017-08-16,Casual,293.26233333333334,0.0,2.114723456399749,Clear
419,2017-08-16,Member,293.26233333333334,0.0,1.89055628004024,Clear
420,2017-08-17,Casual,292.67407407407416,0.16666666666666666,1.9826286830590945,Clear
421,2017-08-17,Member,292.67407407407416,0.16666666666666666,1.7942030912329021,Clear
422,2017-08-18,Casual,295.02699999999993,0.09,2.2375748819933543,Mist
423,2017-08-18,Member,295.02699999999993,0.09,1.8121644496764833,Mist
424,2017-08-19,Casual,294.4175,0.05,2.145493893887895,Clouds
425,2017-08-19,Member,294.4175,0.05,1.852924007020559,Clouds
426,2017-08-20,Casual,293.60375,0.0125,2.2710062831606392,Clear
427,2017-08-20,Member,293.60375,0.0125,1.8768688792105783,Clear
428,2017-08-21,Casual,296.00666666666666,0.0,2.1609045906317017,Clear
429,2017-08-21,Member,296.00666666666666,0.0,1.8511080741137818,Clear
430,2017-08-22,Casual,296.6573076923076,0.13846153846153844,1.9144454363090584,Clouds
431,2017-08-22,Member,296.6573076923076,0.13846153846153844,1.8374856223201226,Clouds
432,2017-08-23,Casual,291.6525,0.0125,2.204169428920209,Clear
433,2017-08-23,Member,291.6525,0.0125,1.873231747147362,Clear
434,2017-08-24,Casual,288.98583333333335,0.025,2.1246231147943444,Clear
435,2017-08-24,Member,288.98583333333335,0.025,1.8807723725226513,Clear
436,2017-08-25,Casual,288.99166666666673,0.0,2.186518174830657,Clear
437,2017-08-25,Member,288.99166666666673,0.0,1.8409557222654933,Clear
438,2017-08-26,Casual,289.2233333333333,0.0,2.2749278430571134,Clear
439,2017-08-26,Member,289.2233333333333,0.0,1.9079341756825356,Clear
440,2017-08-27,Casual,289.70875000000007,0.0,2.269025397480977,Clear
441,2017-08-27,Member,289.70875000000007,0.0,1.8412904384171995,Clear
442,2017-08-28,Casual,291.2437500000001,0.0,2.141854044962987,Clear
443,2017-08-28,Member,291.2437500000001,0.0,1.8552393805677325,Clear
444,2017-08-29,Casual,292.41875,0.0,2.0646498809239135,Clouds
445,2017-08-29,Member,292.41875,0.0,1.8609695094402785,Clouds
446,2017-08-30,Casual,291.38666666666666,0.0,2.2032345004581,Clear
447,2017-08-30,Member,291.38666666666666,0.0,1.8825139698485533,Clear
448,2017-08-31,Casual,290.5336,0.06,2.1130179229237345,Clouds
449,2017-08-31,Member,290.5336,0.06,1.8427978986045814,Clouds
450,2017-09-01,Casual,285.6995833333333,0.0,2.0774150261969595,Clear
451,2017-09-01,Member,285.6995833333333,0.0,1.8068537996982903,Clear
452,2017-09-02,Casual,287.12791666666664,0.0125,2.1398910846632373,Clear
453,2017-09-02,Member,287.12791666666664,0.0125,1.7776073709032583,Clear
454,2017-09-03,Casual,290.02129032258074,0.4548387096774195,2.028564122777985,Rain
455,2017-09-03,Member,290.02129032258074,0.4548387096774195,1.7178910781469698,Rain
456,2017-09-04,Casual,292.2692,0.024,2.205949082640169,Clear
457,2017-09-04,Member,292.2692,0.024,1.7859062096102933,Clear
458,2017-09-05,Casual,290.8627,0.24,1.9179180076656677,Clear
459,2017-09-05,Member,290.8627,0.24,1.8143506839390215,Clear
460,2017-09-06,Casual,288.73588,0.10799999999999997,2.047665986157273,Clear
461,2017-09-06,Member,288.73588,0.10799999999999997,1.8460001310113858,Clear
462,2017-09-07,Casual,288.1716666666667,0.1875,2.2106888822182675,Clouds
463,2017-09-07,Member,288.1716666666667,0.1875,1.842806385642214,Clouds
464,2017-09-08,Casual,286.81583333333333,0.0,2.008493476198512,Clouds
465,2017-09-08,Member,286.81583333333333,0.0,1.8262751204575731,Clouds
466,2017-09-09,Casual,285.74791666666664,0.0,2.251212202090521,Clear
467,2017-09-09,Member,285.74791666666664,0.0,1.8305892166895272,Clear
468,2017-09-10,Casual,286.46833333333336,0.0,2.206731973437612,Clear
469,2017-09-10,Member,286.46833333333336,0.0,1.8415946420691853,Clear
470,2017-09-11,Casual,287.93875,0.0,2.1357202705618263,Clear
471,2017-09-11,Member,287.93875,0.0,1.844575058933433,Clear
472,2017-09-12,Casual,289.18480000000005,0.0,2.128736196818796,Clear
473,2017-09-12,Member,289.18480000000005,0.0,1.879565404614624,Clear
474,2017-09-13,Casual,290.4124000000001,0.0,2.1415106626896656,Clear
475,2017-09-13,Member,290.4124000000001,0.0,1.8352365896909466,Clear
476,2017-09-14,Casual,293.0554166666667,0.0,2.0850228550915957,Clear
477,2017-09-14,Member,293.0554166666667,0.0,1.8466251816635402,Clear
478,2017-09-15,Casual,294.3566666666667,0.0,2.1730715055242804,Haze
479,2017-09-15,Member,294.3566666666667,0.0,1.8317294958074373,Haze
480,2017-09-16,Casual,293.5212,0.0,2.244491876487159,Clear
481,2017-09-16,Member,293.5212,0.0,1.8756972573958814,Clear
482,2017-09-17,Casual,293.21653846153845,0.0,2.1905811608747165,Clear
483,2017-09-17,Member,293.21653846153845,0.0,1.858437957079506,Clear
484,2017-09-18,Casual,293.8352000000001,0.0,2.2045146165558305,Mist
485,2017-09-18,Member,293.8352000000001,0.0,1.8784331929480578,Mist
486,2017-09-19,Casual,294.7553846153846,0.03461538461538462,2.2411063342252735,Clouds
487,2017-09-19,Member,294.7553846153846,0.03461538461538462,1.8587283011169158,Clouds
488,2017-09-20,Casual,294.06999999999994,0.0,2.1562765583332855,Mist
489,2017-09-20,Member,294.06999999999994,0.0,1.8971499641411038,Mist
490,2017-09-21,Casual,294.20124,0.0,2.0955708208368113,Clear
491,2017-09-21,Member,294.20124,0.0,1.8561713650145386,Clear
492,2017-09-22,Casual,294.61833333333334,0.0,2.1493816119691007,Clear
493,2017-09-22,Member,294.61833333333334,0.0,1.867252925985865,Clear
494,2017-09-23,Casual,295.71708333333333,0.0,2.2771482756937003,Clear
495,2017-09-23,Member,295.71708333333333,0.0,1.8302411561944083,Clear
496,2017-09-24,Casual,298.25625,0.0,2.218877381418115,Clear
497,2017-09-24,Member,298.25625,0.0,1.8216235327484689,Clear
498,2017-09-25,Casual,298.2752,0.012,2.0637796976458964,Clear
499,2017-09-25,Member,298.2752,0.012,1.8356116861187513,Clear
500,2017-09-26,Casual,297.87333333333333,0.0,2.196643522625269,Clear
501,2017-09-26,Member,297.87333333333333,0.0,1.851136629439962,Clear
502,2017-09-27,Casual,296.6979166666667,0.025,2.115124906178968,Mist
503,2017-09-27,Member,296.6979166666667,0.025,1.8551609958915531,Mist
504,2017-09-28,Casual,288.5481249999999,0.0,1.9902294227303376,Clouds
505,2017-09-28,Member,288.5481249999999,0.0,1.8311621805768614,Clouds
506,2017-09-29,Casual,285.13928571428573,0.2357142857142857,2.0030647171885727,Clear
507,2017-09-29,Member,285.13928571428573,0.2357142857142857,1.8000976732960787,Clear
508,2017-09-30,Casual,283.73559999999986,0.096,2.1766328010349274,Clouds
509,2017-09-30,Member,283.73559999999986,0.096,1.7415180577631912,Clouds
510,2017-10-01,Casual,283.7058333333333,0.0,2.0374467380462287,Clear
511,2017-10-01,Member,283.7058333333333,0.0,1.7414493851657848,Clear
512,2017-10-02,Casual,285.9091666666667,0.0,2.192926050116374,Clear
513,2017-10-02,Member,285.9091666666667,0.0,1.7715745928008386,Clear
514,2017-10-03,Casual,288.84225,0.0,2.094152107365278,Clear
515,2017-10-03,Member,288.84225,0.0,1.7890169480763078,Clear
516,2017-10-04,Casual,293.0244,0.132,1.9840808268189978,Clouds
517,2017-10-04,Member,293.0244,0.132,1.7919109657617667,Clouds
518,2017-10-05,Casual,289.1058333333333,0.0,2.1801367334738995,Clear
519,2017-10-05,Member,289.1058333333333,0.0,1.8115038172674685,Clear
520,2017-10-06,Casual,289.79500000000013,0.0625,2.0801093640616117,Clouds
521,2017-10-06,Member,289.79500000000013,0.0625,1.8353882088107252,Clouds
522,2017-10-07,Casual,291.745625,0.14999999999999994,1.9533514913751104,Clouds
523,2017-10-07,Member,291.745625,0.14999999999999994,1.6883287082298706,Clouds
524,2017-10-08,Casual,293.7664000000001,0.048,1.8939308946982187,Clouds
525,2017-10-08,Member,293.7664000000001,0.048,1.743702300550336,Clouds
526,2017-10-09,Casual,290.44066666666663,0.27,2.12362636254802,Clouds
527,2017-10-09,Member,290.44066666666663,0.27,1.7120275598007566,Clouds
528,2017-10-10,Casual,289.84458333333333,0.0,2.1843943891241633,Clear
529,2017-10-10,Member,289.84458333333333,0.0,1.8292339618843645,Clear
530,2017-10-11,Casual,285.3264,0.16799999999999998,1.9587205922847943,Rain
531,2017-10-11,Member,285.3264,0.16799999999999998,1.7209187946884152,Rain
532,2017-10-12,Casual,283.5660000000001,0.07200000000000001,2.1855894132324507,Clouds
533,2017-10-12,Member,283.5660000000001,0.07200000000000001,1.80868151916271,Clouds
534,2017-10-13,Casual,288.55407407407415,0.06666666666666668,2.127295794714709,Clouds
535,2017-10-13,Member,288.55407407407415,0.06666666666666668,1.785816980948531,Clouds
536,2017-10-14,Casual,288.7081333333333,0.19,2.184619518315118,Mist
537,2017-10-14,Member,288.7081333333333,0.19,1.7185135536949274,Mist
538,2017-10-15,Casual,290.3237142857142,0.2657142857142858,1.9522759541753278,Rain
539,2017-10-15,Member,290.3237142857142,0.2657142857142858,1.6508789082685786,Rain
540,2017-10-16,Casual,281.1273958333333,0.0375,2.0408512152318385,Clouds
541,2017-10-16,Member,281.1273958333333,0.0375,1.7868247876033445,Clouds
542,2017-10-17,Casual,281.90125,0.0,2.119977490824278,Clear
543,2017-10-17,Member,281.90125,0.0,1.807482826862963,Clear
544,2017-10-18,Casual,287.51562500000006,0.0,2.0882347416201386,Clear
545,2017-10-18,Member,287.51562500000006,0.0,1.832488939291817,Clear
546,2017-10-19,Casual,288.44,0.0,2.072402040534065,Clear
547,2017-10-19,Member,288.44,0.0,1.8160902625284308,Clear
548,2017-10-20,Casual,286.7366666666667,0.0,2.1074238401587935,Clear
549,2017-10-20,Member,286.7366666666667,0.0,1.857597614206337,Clear
550,2017-10-21,Casual,286.88125,0.0,2.1107368522779693,Clear
551,2017-10-21,Member,286.88125,0.0,1.7807653615726424,Clear
552,2017-10-22,Casual,288.1616666666667,0.0,2.155787139607675,Clear
553,2017-10-22,Member,288.1616666666667,0.0,1.8263002801766637,Clear
554,2017-10-23,Casual,289.21541666666667,0.05,1.890216998816058,Clouds
555,2017-10-23,Member,289.21541666666667,0.05,1.775612087492309,Clouds
556,2017-10-24,Casual,287.9918518518519,0.21111111111111108,2.16507733164093,Rain
557,2017-10-24,Member,287.9918518518519,0.21111111111111108,1.79122303287258,Rain
558,2017-10-25,Casual,283.0570833333333,0.08750000000000001,1.9357790772198833,Clouds
559,2017-10-25,Member,283.0570833333333,0.08750000000000001,1.7923547161153517,Clouds
560,2017-10-26,Casual,279.90458333333333,0.0,2.0050502444288556,Clouds
561,2017-10-26,Member,279.90458333333333,0.0,1.783236153607221,Clouds
562,2017-10-27,Casual,281.22583333333336,0.0,1.99261816342635,Clear
563,2017-10-27,Member,281.22583333333336,0.0,1.7780460418387152,Clear
564,2017-10-28,Casual,283.40964285714284,0.1714285714285714,1.887820582505241,Rain
565,2017-10-28,Member,283.40964285714284,0.1714285714285714,1.6670431202671923,Rain
566,2017-10-29,Casual,278.8670833333333,0.05,2.1174418576347955,Clouds
567,2017-10-29,Member,278.8670833333333,0.05,1.6875593633759145,Clouds
568,2017-10-30,Casual,280.14879999999994,0.084,2.010333469653264,Clouds
569,2017-10-30,Member,280.14879999999994,0.084,1.7526607026946497,Clouds
570,2017-10-31,Casual,279.10875,0.08750000000000001,1.8490635984153805,Clouds
571,2017-10-31,Member,279.10875,0.08750000000000001,1.7305716549595198,Clouds
572,2017-11-01,Casual,278.15624999999994,0.0625,2.0776504800827515,Clouds
573,2017-11-01,Member,278.15624999999994,0.0625,1.723585123158192,Clouds
574,2017-11-02,Casual,282.63116279069766,0.2720930232558141,1.9600662464938081,Rain
575,2017-11-02,Member,282.63116279069766,0.2720930232558141,1.7044480378362363,Rain
576,2017-11-03,Casual,284.42851851851844,0.1333333333333333,2.070918574666024,Clouds
577,2017-11-03,Member,284.42851851851844,0.1333333333333333,1.7385331081413569,Clouds
578,2017-11-04,Casual,277.3120833333333,0.0,2.0103374645126726,Clouds
579,2017-11-04,Member,277.3120833333333,0.0,1.7350176594369737,Clouds
580,2017-11-05,Casual,282.9365957446808,0.4595744680851068,2.113967571169992,Rain
581,2017-11-05,Member,282.9365957446808,0.4595744680851068,1.7258250494080913,Rain
582,2017-11-06,Casual,283.7606666666665,0.11999999999999995,2.0213154875340984,Clouds
583,2017-11-06,Member,283.7606666666665,0.11999999999999995,1.7889781965708007,Clouds
584,2017-11-07,Casual,277.82291666666663,0.0,2.126407339862894,Clouds
585,2017-11-07,Member,277.82291666666663,0.0,1.79694624153831,Clouds
586,2017-11-08,Casual,276.94375,0.0,2.078494979170908,Clear
587,2017-11-08,Member,276.94375,0.0,1.759755368961578,Clear
588,2017-11-09,Casual,276.56416666666667,0.0375,2.1271130629879114,Clouds
589,2017-11-09,Member,276.56416666666667,0.0375,1.7630355228079364,Clouds
590,2017-11-10,Casual,269.34629629629626,0.06666666666666668,1.9934510787842221,Snow
591,2017-11-10,Member,269.34629629629626,0.06666666666666668,1.6586093730763256,Snow
592,2017-11-11,Casual,268.395,0.0,1.880342448055955,Clear
593,2017-11-11,Member,268.395,0.0,1.6346198616205359,Clear
594,2017-11-12,Casual,275.0232,0.048,2.127009487943669,Clouds
595,2017-11-12,Member,275.0232,0.048,1.6632297810356063,Clouds
596,2017-11-13,Casual,276.4803125,0.15937499999999996,1.8819570379237898,Rain
597,2017-11-13,Member,276.4803125,0.15937499999999996,1.7514741608687274,Rain
598,2017-11-14,Casual,277.56083333333333,0.0,1.907175679367541,Clouds
599,2017-11-14,Member,277.56083333333333,0.0,1.7583463901527576,Clouds
600,2017-11-15,Casual,276.87708333333325,0.0,1.9087031326016304,Clouds
601,2017-11-15,Member,276.87708333333325,0.0,1.7530697280661174,Clouds
602,2017-11-16,Casual,279.54074074074083,0.22222222222222213,2.0115512437613288,Rain
603,2017-11-16,Member,279.54074074074083,0.22222222222222213,1.750339321374753,Rain
604,2017-11-17,Casual,273.3247999999999,0.048,1.9752307875309532,Clouds
605,2017-11-17,Member,273.3247999999999,0.048,1.698838139887838,Clouds
606,2017-11-18,Casual,278.375945945946,0.2513513513513513,2.1210091895811405,Rain
607,2017-11-18,Member,278.375945945946,0.2513513513513513,1.6454282278628372,Rain
608,2017-11-19,Casual,277.0888571428571,0.2571428571428572,2.0496104749718076,Rain
609,2017-11-19,Member,277.0888571428571,0.2571428571428572,1.5969156942547293,Rain
610,2017-11-20,Casual,273.7225,0.0,2.1166744536587245,Clouds
611,2017-11-20,Member,273.7225,0.0,1.7473849449369458,Clouds
612,2017-11-21,Casual,280.04625,0.0,1.8459557328930576,Clear
613,2017-11-21,Member,280.04625,0.0,1.7505168283417645,Clear
614,2017-11-22,Casual,275.19571428571425,0.2892857142857143,1.8414356100906224,Snow
615,2017-11-22,Member,275.19571428571425,0.2892857142857143,1.7273519616124915,Snow
616,2017-11-23,Casual,273.27916666666664,0.0,2.0342664064112634,Clouds
617,2017-11-23,Member,273.27916666666664,0.0,1.7185240268067947,Clouds
618,2017-11-24,Casual,277.79625,0.0,2.0774958752400887,Clouds
619,2017-11-24,Member,277.79625,0.0,1.738352039504152,Clouds
620,2017-11-25,Casual,281.3220833333333,0.125,1.8220813236268485,Clouds
621,2017-11-25,Member,281.3220833333333,0.125,1.648952000583134,Clouds
622,2017-11-26,Casual,274.92,0.09599999999999996,1.9731106857942375,Clouds
623,2017-11-26,Member,274.92,0.09599999999999996,1.6029016769555382,Clouds
624,2017-11-27,Casual,275.1945833333333,0.0,1.8930693768251743,Clouds
625,2017-11-27,Member,275.1945833333333,0.0,1.7374407520955215,Clouds
626,2017-11-28,Casual,277.58279166666665,0.0,2.0797960642759143,Clear
627,2017-11-28,Member,277.58279166666665,0.0,1.804602152045421,Clear
628,2017-11-29,Casual,281.21166666666664,0.0,2.0092262676083843,Clouds
629,2017-11-29,Member,281.21166666666664,0.0,1.7509469620361497,Clouds
630,2017-11-30,Casual,275.4634615384616,0.0923076923076923,1.7990962883765298,Clear
631,2017-11-30,Member,275.4634615384616,0.0923076923076923,1.7463223206769174,Clear
632,2017-12-01,Casual,278.32916666666665,0.0125,2.0252670233206507,Clouds
633,2017-12-01,Member,278.32916666666665,0.0125,1.7268457781585789,Clouds
634,2017-12-02,Casual,275.6479166666666,0.0,2.0376549577490697,Clouds
635,2017-12-02,Member,275.6479166666666,0.0,1.6308245674009394,Clouds
636,2017-12-03,Casual,276.10076923076906,0.0,1.9687462402741305,Mist
637,2017-12-03,Member,276.10076923076906,0.0,1.5998946061792791,Mist
638,2017-12-04,Casual,275.7474193548388,0.0,1.8406770483581756,Mist
639,2017-12-04,Member,275.7474193548388,0.0,1.74472896277529,Mist
640,2017-12-05,Casual,281.2173166666666,0.22,2.0292643127758443,Rain
641,2017-12-05,Member,281.2173166666666,0.22,1.7408865613562807,Rain
642,2017-12-06,Casual,274.59791666666666,0.0,1.9201925879566974,Clouds
643,2017-12-06,Member,274.59791666666666,0.0,1.7427954162298893,Clouds
644,2017-12-07,Casual,273.2953846153846,0.13846153846153844,1.6332132251431482,Clouds
645,2017-12-07,Member,273.2953846153846,0.13846153846153844,1.6976923730155633,Clouds
646,2017-12-08,Casual,271.3558333333333,0.0,1.8909536050156737,Clouds
647,2017-12-08,Member,271.3558333333333,0.0,1.6578143112638768,Clouds
648,2017-12-09,Casual,272.8275,0.05,1.986638539507558,Clouds
649,2017-12-09,Member,272.8275,0.05,1.6538464657176162,Clouds
650,2017-12-10,Casual,271.10041666666666,0.0,2.0411010574848936,Snow
651,2017-12-10,Member,271.10041666666666,0.0,1.5808843823710217,Snow
652,2017-12-11,Casual,268.38416666666666,0.0,1.9992714107809533,Snow
653,2017-12-11,Member,268.38416666666666,0.0,1.6964242485728707,Snow
654,2017-12-12,Casual,268.97392857142853,0.2571428571428572,1.9588086423521143,Snow
655,2017-12-12,Member,268.97392857142853,0.2571428571428572,1.6962307805952481,Snow
656,2017-12-13,Casual,262.44639688,0.07200000000000001,1.8547104855425476,Snow
657,2017-12-13,Member,262.44639688,0.07200000000000001,1.6588653383228358,Snow
658,2017-12-14,Casual,262.1529166666666,0.0,1.8131671516648526,Snow
659,2017-12-14,Member,262.1529166666666,0.0,1.6940360278637878,Snow
660,2017-12-15,Casual,264.69280000000003,0.07200000000000001,2.0458371084258076,Clear
661,2017-12-15,Member,264.69280000000003,0.07200000000000001,1.6501420925750925,Clear
662,2017-12-16,Casual,268.1095833333334,0.0375,1.8961783319225192,Snow
663,2017-12-16,Member,268.1095833333334,0.0375,1.5289798178648792,Snow
664,2017-12-17,Casual,263.21916536666663,0.0,2.894133329889377,Clouds
665,2017-12-17,Member,263.21916536666663,0.0,1.4399379988568688,Clouds
666,2017-12-18,Casual,271.4102439024389,0.10975609756097557,1.8242504153800478,Clouds
667,2017-12-18,Member,271.4102439024389,0.10975609756097557,1.666956391975787,Clouds
668,2017-12-19,Casual,277.36222222222216,0.05555555555555555,1.9927838478406683,Mist
669,2017-12-19,Member,277.36222222222216,0.05555555555555555,1.690691879056521,Mist
670,2017-12-20,Casual,273.9681481481482,0.11111111111111108,2.465698716844117,Clouds
671,2017-12-20,Member,273.9681481481482,0.11111111111111108,1.6613678719792435,Clouds
672,2017-12-21,Casual,269.44125,0.0,1.8792558644122803,Clouds
673,2017-12-21,Member,269.44125,0.0,1.7049580737285073,Clouds
674,2017-12-22,Casual,268.71866666666665,0.0,1.8755770669173166,Snow
675,2017-12-22,Member,268.71866666666665,0.0,1.5933356916143584,Snow
676,2017-12-23,Casual,269.48400000000004,0.0,2.046015239705857,Mist
677,2017-12-23,Member,269.48400000000004,0.0,1.6263506839156587,Mist
678,2017-12-24,Casual,270.0754166666666,0.075,1.2583102695973933,Clouds
679,2017-12-24,Member,270.0754166666666,0.075,1.6336129598609839,Clouds
680,2017-12-25,Casual,268.54642857142846,0.2892857142857143,0.9684806723877972,Snow
681,2017-12-25,Member,268.54642857142846,0.2892857142857143,1.3782388210010617,Snow
682,2017-12-26,Casual,261.99937565,0.0,1.703019288230247,Clear
683,2017-12-26,Member,261.99937565,0.0,1.4142054909420387,Clear
684,2017-12-27,Casual,258.9104218666667,0.0,1.5513171041546674,Clear
685,2017-12-27,Member,258.9104218666667,0.0,1.551147169621539,Clear
686,2017-12-28,Casual,255.71208138333336,0.0,1.7906775718061552,Clear
687,2017-12-28,Member,255.71208138333336,0.0,1.5258103391096471,Clear
688,2017-12-29,Casual,259.6308346333334,0.0,1.9440552382605423,Snow
689,2017-12-29,Member,259.6308346333334,0.0,1.5194757599746844,Snow
690,2017-12-30,Casual,262.18458073333335,0.0,1.5660911445654921,Snow
691,2017-12-30,Member,262.18458073333335,0.0,1.48903011544452,Snow
692,2017-12-31,Casual,255.82333333333332,0.075,1.7824080093615582,Clear
693,2017-12-31,Member,255.82333333333332,0.075,1.2731173534868414,Clear
